Entity,Code,Year,Pupil-qualified teacher ratio in primary education
Afghanistan,AFG,2016,58.64962
Afghanistan,AFG,2017,63.12466
Afghanistan,AFG,2018,61.70772
Afghanistan,AFG,2019,60.38654
Afghanistan,AFG,2023,54.02539
Albania,ALB,2013,28.025503
Albania,ALB,2014,26.109926
Albania,ALB,2015,24.665575
Albania,ALB,2016,22.666498
Albania,ALB,2017,21.33187
Albania,ALB,2018,21.016113
Albania,ALB,2019,19.392365
Albania,ALB,2020,19.864037
Albania,ALB,2021,20.241062
Albania,ALB,2023,15.3341
Albania,ALB,2024,15.112361
Algeria,DZA,2014,23.66406
Algeria,DZA,2015,23.83613
Algeria,DZA,2016,24.2355
Algeria,DZA,2017,24.22505
Algeria,DZA,2018,24.32018
Algeria,DZA,2019,20.55434
Algeria,DZA,2020,24.17109
Algeria,DZA,2021,29.573084
Algeria,DZA,2022,29.71068
Algeria,DZA,2023,193.40178
Algeria,DZA,2024,24.116852
Algeria,DZA,2025,22.733215
Andorra,AND,2013,9.33028
Andorra,AND,2014,9.519906
Andorra,AND,2015,9.937947
Andorra,AND,2016,10.066351
Andorra,AND,2017,10.5
Andorra,AND,2018,10.497573
Andorra,AND,2019,10.515815
Andorra,AND,2020,10.3309
Andorra,AND,2021,10.02439
Andorra,AND,2022,9.71327
Andorra,AND,2023,10.217704
Andorra,AND,2024,10.213075
Angola,AGO,2021,66.56809
Angola,AGO,2023,105.97537
Antigua and Barbuda,ATG,2015,14.33428
Antigua and Barbuda,ATG,2017,12.96741
Antigua and Barbuda,ATG,2018,12.40564
Antigua and Barbuda,ATG,2023,8.87136
Armenia,ARM,2018,15.418593
Armenia,ARM,2019,21.40111
Armenia,ARM,2020,19.204687
Armenia,ARM,2021,19.235512
Armenia,ARM,2022,19.809408
Armenia,ARM,2023,19.896078
Armenia,ARM,2024,21.374386
Azerbaijan,AZE,2016,15.486193
Azerbaijan,AZE,2017,15.464293
Azerbaijan,AZE,2018,15.442947
Azerbaijan,AZE,2019,15.773199
Azerbaijan,AZE,2020,16.234776
Azerbaijan,AZE,2021,16.03973
Azerbaijan,AZE,2022,16.005512
Azerbaijan,AZE,2023,15.874551
Azerbaijan,AZE,2024,15.605147
Bahamas,BHS,2011,19.312965
Bahamas,BHS,2012,22.218405
Bahamas,BHS,2013,20
Bahamas,BHS,2014,22.327465
Bahamas,BHS,2015,23.471306
Bahamas,BHS,2016,19.028553
Bahamas,BHS,2018,21.662262
Bahamas,BHS,2019,21.968727
Bahamas,BHS,2021,16.15375
Bahamas,BHS,2023,11.7494955
Bahamas,BHS,2024,20.072605
Bahrain,BHR,2013,12.245419
Bahrain,BHR,2014,12.021018
Bahrain,BHR,2015,12.174997
Bahrain,BHR,2016,12.425591
Bahrain,BHR,2017,12.553301
Bahrain,BHR,2018,11.834468
Bahrain,BHR,2019,12.1696615
Bahrain,BHR,2022,13.212369
Bahrain,BHR,2023,13.109004
Bahrain,BHR,2024,13.005636
Bangladesh,BGD,2017,29.957064
Bangladesh,BGD,2018,30.054586
Bangladesh,BGD,2021,47.243675
Bangladesh,BGD,2022,47.317173
Bangladesh,BGD,2023,42.268536
Bangladesh,BGD,2024,23.594807
Barbados,BRB,2014,18.489956
Barbados,BRB,2015,13.403205
Barbados,BRB,2016,13.349002
Barbados,BRB,2017,14.096819
Barbados,BRB,2018,13.991695
Barbados,BRB,2019,14.231045
Barbados,BRB,2020,13.036586
Barbados,BRB,2021,12.048145
Barbados,BRB,2022,11.142141
Barbados,BRB,2023,10.570639
Barbados,BRB,2024,10.247487
Belarus,BLR,2014,16.569304
Belarus,BLR,2015,17.611639
Belarus,BLR,2016,18.337593
Belarus,BLR,2017,18.802551
Belarus,BLR,2018,19.232588
Belarus,BLR,2019,19.439041
Belarus,BLR,2020,19.52587
Belarus,BLR,2021,19.759155
Belarus,BLR,2022,20.073357
Belarus,BLR,2023,20.106451
Belarus,BLR,2024,19.976786
Belize,BLZ,2014,77.69507
Belize,BLZ,2015,71.039566
Belize,BLZ,2016,75.516594
Belize,BLZ,2018,95.24203
Belize,BLZ,2019,108.36129
Belize,BLZ,2020,136.59944
Belize,BLZ,2021,145.97539
Belize,BLZ,2022,154.10474
Belize,BLZ,2023,155.30208
Belize,BLZ,2024,158.71277
Benin,BEN,2013,65.28645
Benin,BEN,2014,45.92349
Benin,BEN,2015,45.04478
Benin,BEN,2016,41.63992
Benin,BEN,2017,43.56977
Benin,BEN,2018,39.19712
Benin,BEN,2019,40.88592
Benin,BEN,2020,38.29206
Benin,BEN,2021,51.88238
Bermuda,BMU,2014,6.72131
Bhutan,BTN,2015,40.004433
Bhutan,BTN,2016,38.03778
Bhutan,BTN,2017,34.56294
Bhutan,BTN,2018,34.66868
Bhutan,BTN,2019,39.15244
Bhutan,BTN,2020,33.714645
Bhutan,BTN,2021,33.23215
Bhutan,BTN,2022,29.092688
Bhutan,BTN,2023,27.691181
Bhutan,BTN,2024,27.21204
Bolivia,BOL,2024,284.7011
Botswana,BWA,2012,23.525743
Botswana,BWA,2013,22.930883
Botswana,BWA,2014,22.233433
Botswana,BWA,2022,23.319729
British Virgin Islands,VGB,2014,12.507633
British Virgin Islands,VGB,2016,12.1654415
British Virgin Islands,VGB,2017,12.628788
British Virgin Islands,VGB,2018,10.238867
British Virgin Islands,VGB,2019,13.095238
British Virgin Islands,VGB,2020,10.523255
British Virgin Islands,VGB,2021,10.920949
British Virgin Islands,VGB,2023,58.11628
British Virgin Islands,VGB,2024,10.29114
Brunei,BRN,2015,10.01661
Brunei,BRN,2016,10.19678
Brunei,BRN,2017,10.18252
Brunei,BRN,2018,9.89521
Brunei,BRN,2019,9.77479
Brunei,BRN,2020,9.31165
Brunei,BRN,2021,11.323782
Brunei,BRN,2022,14.345448
Brunei,BRN,2023,13.252317
Brunei,BRN,2024,13.199651
Burkina Faso,BFA,2013,53.859303
Burkina Faso,BFA,2014,52.749798
Burkina Faso,BFA,2015,49.376194
Burkina Faso,BFA,2016,49.862877
Burkina Faso,BFA,2017,42.305046
Burkina Faso,BFA,2018,41.92682
Burkina Faso,BFA,2019,41.213078
Burkina Faso,BFA,2020,38.973648
Burkina Faso,BFA,2021,37.418232
Burkina Faso,BFA,2022,37.797424
Burkina Faso,BFA,2023,33.862904
Burkina Faso,BFA,2024,36.746635
Burundi,BDI,2013,47.8501
Burundi,BDI,2014,47.73975
Burundi,BDI,2015,43.22109
Burundi,BDI,2016,49.66066
Burundi,BDI,2017,49.61434
Burundi,BDI,2018,42.52383
Burundi,BDI,2019,42.92428
Burundi,BDI,2020,47.413967
Burundi,BDI,2025,60.78566
Cambodia,KHM,2013,46.92711
Cambodia,KHM,2014,44.63494
Cambodia,KHM,2015,45.52116
Cambodia,KHM,2016,42.53404
Cambodia,KHM,2017,41.66267
Cambodia,KHM,2018,41.7035
Cambodia,KHM,2019,41.93926
Cambodia,KHM,2020,42.05889
Cambodia,KHM,2023,48.954075
Cambodia,KHM,2024,49.239765
Cameroon,CMR,2015,54.407223
Cameroon,CMR,2017,60.79553
Cameroon,CMR,2022,280.49527
Cameroon,CMR,2023,156.63214
Cameroon,CMR,2024,63.47765
Cape Verde,CPV,2014,24.382256
Cape Verde,CPV,2016,21.80241
Cape Verde,CPV,2017,21.055313
Cape Verde,CPV,2018,22.244297
Cape Verde,CPV,2019,21.674515
Cape Verde,CPV,2020,19.73119
Cape Verde,CPV,2021,20.174902
Cape Verde,CPV,2022,20.180468
Cayman Islands,CYM,2013,14.794007
Cayman Islands,CYM,2018,15.747252
Cayman Islands,CYM,2019,14.400261
Cayman Islands,CYM,2020,13.070049
Cayman Islands,CYM,2021,13.055222
Cayman Islands,CYM,2022,13.123894
Cayman Islands,CYM,2023,12.432065
Cayman Islands,CYM,2024,13.417956
Central African Republic,CAF,2016,83.41195
Central and Southern Asia (SDG),,2015,35.288
Central and Southern Asia (SDG),,2016,38.39372
Central and Southern Asia (SDG),,2017,35.94667
Central and Southern Asia (SDG),,2018,32.18114
Central and Southern Asia (SDG),,2019,31.78793
Central and Southern Asia (SDG),,2020,30.78162
Central and Southern Asia (SDG),,2021,30.61679
Central and Southern Asia (SDG),,2022,31.86786
Central and Southern Asia (SDG),,2023,31.0343
Central and Southern Asia (SDG),,2024,31.24015
Chad,TCD,2015,140.36382
Chad,TCD,2016,103.59106
Chad,TCD,2017,91.21248
Chad,TCD,2018,70.94989
Chad,TCD,2019,68.943115
Chad,TCD,2022,56.89791
Chad,TCD,2024,87.542015
Chile,CHL,2014,18.83895
Chile,CHL,2015,18.56343
Chile,CHL,2016,18.18298
China,CHN,2015,16.845873
China,CHN,2016,17.119398
China,CHN,2017,17.19573
China,CHN,2018,17.015789
China,CHN,2019,17.010183
China,CHN,2020,16.885454
China,CHN,2021,16.707113
China,CHN,2022,16.367832
China,CHN,2023,16.223152
China,CHN,2024,16.31218
Colombia,COL,2013,27.08038
Colombia,COL,2014,25.76816
Colombia,COL,2015,24.40073
Colombia,COL,2016,24.44047
Colombia,COL,2017,23.70029
Colombia,COL,2019,23.67988
Colombia,COL,2021,24.67717
Colombia,COL,2022,23.45818
Comoros,COM,2013,37.048706
Comoros,COM,2021,29.935595
Comoros,COM,2022,37.04871
Comoros,COM,2024,26.389048
Congo,COG,2023,76.50956
Cook Islands,COK,2013,17.407766
Cook Islands,COK,2014,17.386793
Cook Islands,COK,2015,17.36893
Cook Islands,COK,2016,59.935482
Cook Islands,COK,2019,16.705357
Cook Islands,COK,2020,36.039215
Cook Islands,COK,2021,15.508928
Cook Islands,COK,2022,33.918365
Cook Islands,COK,2023,34.152172
Cook Islands,COK,2024,34.93182
Costa Rica,CRI,2013,13.6979
Costa Rica,CRI,2014,13.5799
Costa Rica,CRI,2015,12.97755
Costa Rica,CRI,2016,12.2874
Costa Rica,CRI,2017,11.94038
Costa Rica,CRI,2018,12.52479
Costa Rica,CRI,2019,11.91517
Costa Rica,CRI,2020,11.69454
Cote d'Ivoire,CIV,2013,45.783207
Cote d'Ivoire,CIV,2014,48.17752
Cote d'Ivoire,CIV,2015,42.050503
Cote d'Ivoire,CIV,2016,42.501015
Cote d'Ivoire,CIV,2017,42.426453
Cote d'Ivoire,CIV,2018,41.822296
Cote d'Ivoire,CIV,2019,41.596634
Cote d'Ivoire,CIV,2020,40.57407
Cote d'Ivoire,CIV,2021,40.920628
Cote d'Ivoire,CIV,2022,41.826527
Cote d'Ivoire,CIV,2023,43.911366
Cote d'Ivoire,CIV,2024,46.13822
Cuba,CUB,2013,11.264489
Cuba,CUB,2014,10.921445
Cuba,CUB,2015,10.556036
Cuba,CUB,2016,10.916078
Cuba,CUB,2017,11.409706
Cuba,CUB,2018,11.915269
Cuba,CUB,2019,12.533672
Cuba,CUB,2020,11.916599
Cuba,CUB,2021,11.625801
Cuba,CUB,2022,11.767963
Cuba,CUB,2023,11.576502
Cuba,CUB,2024,11.435789
Cyprus,CYP,2017,12.03922
Cyprus,CYP,2018,11.92624
Cyprus,CYP,2019,11.54908
Cyprus,CYP,2020,11.5683
Cyprus,CYP,2021,11.26694
Democratic Republic of Congo,COD,2014,35.31936
Democratic Republic of Congo,COD,2015,35.051
Democratic Republic of Congo,COD,2018,30.89303
Democratic Republic of Congo,COD,2021,40.41323
Democratic Republic of Congo,COD,2023,43.50233
Djibouti,DJI,2014,39.82601
Djibouti,DJI,2015,33.02204
Djibouti,DJI,2016,31.09517
Djibouti,DJI,2017,30.42105
Djibouti,DJI,2018,29.37453
Djibouti,DJI,2020,29.92814
Djibouti,DJI,2021,28.85679
Djibouti,DJI,2022,28.01012
Djibouti,DJI,2023,25.44907
Dominica,DMA,2013,16.18763
Dominica,DMA,2014,21.98571
Dominica,DMA,2016,13.07679
Dominica,DMA,2019,133.56522
Dominica,DMA,2021,18.1716
Dominica,DMA,2022,15.70341
Dominica,DMA,2023,14.0978
Dominican Republic,DOM,2013,28.908806
Dominican Republic,DOM,2014,25.303944
Dominican Republic,DOM,2015,20.951258
Dominican Republic,DOM,2016,21.215065
Dominican Republic,DOM,2017,19.941797
Dominican Republic,DOM,2018,19.9498
Dominican Republic,DOM,2019,19.891436
Dominican Republic,DOM,2020,19.833868
Dominican Republic,DOM,2021,18.623129
Dominican Republic,DOM,2022,18.707401
Dominican Republic,DOM,2023,14.790061
Dominican Republic,DOM,2024,14.509132
East Asia and Pacific (WB),WB_EAP,2014,18.31862
East Asia and Pacific (WB),WB_EAP,2015,18.37803
East Asia and Pacific (WB),WB_EAP,2016,18.3772
East Asia and Pacific (WB),WB_EAP,2017,18.78926
East Asia and Pacific (WB),WB_EAP,2018,18.5138
East Asia and Pacific (WB),WB_EAP,2019,18.38873
East Asia and Pacific (WB),WB_EAP,2020,18.22646
East Asia and Pacific (WB),WB_EAP,2021,18.13764
East Asia and Pacific (WB),WB_EAP,2022,17.97228
East Asia and Pacific (WB),WB_EAP,2023,17.90742
East Asia and Pacific (WB),WB_EAP,2024,17.95722
East Timor,TLS,2018,35.59356
East Timor,TLS,2019,34.822018
East Timor,TLS,2020,33.710598
Eastern and South-Eastern Asia (SDG),,2014,18.20323
Eastern and South-Eastern Asia (SDG),,2015,18.2706
Eastern and South-Eastern Asia (SDG),,2016,18.29059
Eastern and South-Eastern Asia (SDG),,2017,18.69878
Eastern and South-Eastern Asia (SDG),,2018,18.40927
Eastern and South-Eastern Asia (SDG),,2019,18.28262
Eastern and South-Eastern Asia (SDG),,2020,18.12543
Eastern and South-Eastern Asia (SDG),,2021,18.03979
Eastern and South-Eastern Asia (SDG),,2022,17.85252
Eastern and South-Eastern Asia (SDG),,2023,17.76922
Eastern and South-Eastern Asia (SDG),,2024,17.81793
Ecuador,ECU,2009,31.20538
Ecuador,ECU,2010,27.892382
Ecuador,ECU,2011,27.493898
Ecuador,ECU,2012,27.368433
Ecuador,ECU,2013,28.263962
Ecuador,ECU,2014,29.69932
Ecuador,ECU,2015,29.49952
Ecuador,ECU,2016,28.912735
Ecuador,ECU,2017,27.707592
Ecuador,ECU,2018,27.142883
Ecuador,ECU,2019,26.369623
Ecuador,ECU,2020,26.609505
Ecuador,ECU,2021,26.044409
Ecuador,ECU,2022,25.133
Ecuador,ECU,2023,23.424862
Ecuador,ECU,2024,23.253197
Egypt,EGY,2013,27.733053
Egypt,EGY,2016,22.852186
Egypt,EGY,2019,24.996958
Egypt,EGY,2020,26.480207
Egypt,EGY,2021,27.897419
Egypt,EGY,2022,36.100838
Egypt,EGY,2023,30.056871
Egypt,EGY,2024,31.884356
El Salvador,SLV,2015,29.69441
El Salvador,SLV,2016,28.26087
El Salvador,SLV,2017,28.27102
El Salvador,SLV,2018,26.89473
El Salvador,SLV,2023,26.74437
El Salvador,SLV,2024,26.95039
Equatorial Guinea,GNQ,2015,38.01221
Eritrea,ERI,2013,45.81577
Eritrea,ERI,2017,44.26135
Eritrea,ERI,2018,45.86925
Eritrea,ERI,2022,38.74732
Eswatini,SWZ,2013,42.712475
Eswatini,SWZ,2014,40.415867
Eswatini,SWZ,2015,39.875122
Eswatini,SWZ,2016,38.23836
Eswatini,SWZ,2017,35.573185
Eswatini,SWZ,2018,28.480778
Eswatini,SWZ,2022,37.56565
Ethiopia,ETH,2015,54.232838
Ethiopia,ETH,2017,45.74278
Ethiopia,ETH,2020,42.165592
Ethiopia,ETH,2022,49.998928
Ethiopia,ETH,2023,46.038177
Ethiopia,ETH,2024,51.72252
Europe and Northern America (SDG),,1999,17.06178
Europe and Northern America (SDG),,2000,16.41204
Europe and Northern America (SDG),,2001,16.05155
Europe and Northern America (SDG),,2002,15.74601
Europe and Northern America (SDG),,2003,15.46972
Europe and Northern America (SDG),,2004,15.47494
Europe and Northern America (SDG),,2005,14.96985
Europe and Northern America (SDG),,2006,14.77032
Europe and Northern America (SDG),,2007,14.56133
Europe and Northern America (SDG),,2008,14.46495
Europe and Northern America (SDG),,2009,14.46701
Europe and Northern America (SDG),,2010,14.50241
Europe and Northern America (SDG),,2011,14.55882
Europe and Northern America (SDG),,2012,14.66895
Europe and Northern America (SDG),,2013,14.8059
Europe and Northern America (SDG),,2014,14.78423
Europe and Northern America (SDG),,2015,14.68253
Europe and Northern America (SDG),,2016,14.4885
Europe and Northern America (SDG),,2017,14.61008
Europe and Northern America (SDG),,2018,14.60499
Europe and Northern America (SDG),,2019,14.7293
Europe and Northern America (SDG),,2020,14.8038
Europe and Northern America (SDG),,2021,14.51702
Europe and Northern America (SDG),,2022,14.36449
Europe and Northern America (SDG),,2023,14.48203
Europe and Northern America (SDG),,2024,14.40477
Fiji,FJI,2019,19.58879
Fiji,FJI,2020,19.78429
Fiji,FJI,2021,19.532185
Fiji,FJI,2022,18.2882
Fiji,FJI,2023,17.495077
Fiji,FJI,2024,18.099762
Gambia,GMB,2010,71.70858
Gambia,GMB,2011,71.22662
Gambia,GMB,2012,63.89971
Gambia,GMB,2013,45.942776
Gambia,GMB,2014,43.794044
Gambia,GMB,2015,43.283146
Gambia,GMB,2016,40.665043
Gambia,GMB,2017,41.36812
Gambia,GMB,2018,41.849598
Gambia,GMB,2019,42.234962
Gambia,GMB,2020,41.584534
Gambia,GMB,2021,37.811665
Gambia,GMB,2022,36.67289
Gambia,GMB,2023,35.995037
Gambia,GMB,2024,35.680084
Gambia,GMB,2025,36.874615
Ghana,GHA,2014,60.130745
Ghana,GHA,2015,57.14625
Ghana,GHA,2017,49.29488
Ghana,GHA,2018,45.10067
Ghana,GHA,2019,26.994856
Ghana,GHA,2020,36.665955
Ghana,GHA,2021,41.768353
Ghana,GHA,2024,45.52586
Gibraltar,GIB,2016,13.773399
Gibraltar,GIB,2017,14.17
Gibraltar,GIB,2019,14.092683
Gibraltar,GIB,2020,12.631579
Gibraltar,GIB,2021,13.0353985
Gibraltar,GIB,2023,14.335026
Grenada,GRD,2015,16.99747
Grenada,GRD,2016,15.45199
Grenada,GRD,2017,16.18269
Grenada,GRD,2018,16.35068
Grenada,GRD,2022,21.09535
Grenada,GRD,2023,21.04204
Grenada,GRD,2024,28.629187
Guinea,GIN,2013,59.6483
Guinea,GIN,2014,64.4879
Guinea,GIN,2016,51.35012
Guinea,GIN,2020,75.53799
Guyana,GUY,2021,45.449528
Guyana,GUY,2023,74.692055
Guyana,GUY,2024,84.1794
High-income countries,OWID_HIC,1999,17.62576
High-income countries,OWID_HIC,2000,17.09503
High-income countries,OWID_HIC,2001,16.76272
High-income countries,OWID_HIC,2002,16.48322
High-income countries,OWID_HIC,2003,16.2456
High-income countries,OWID_HIC,2004,16.181
High-income countries,OWID_HIC,2005,15.68406
High-income countries,OWID_HIC,2006,15.45633
High-income countries,OWID_HIC,2007,15.24271
High-income countries,OWID_HIC,2008,15.07022
High-income countries,OWID_HIC,2009,15.02627
High-income countries,OWID_HIC,2010,14.96515
High-income countries,OWID_HIC,2011,14.89858
High-income countries,OWID_HIC,2012,14.89154
High-income countries,OWID_HIC,2013,14.69118
High-income countries,OWID_HIC,2014,14.64057
High-income countries,OWID_HIC,2015,14.60125
High-income countries,OWID_HIC,2016,14.46823
High-income countries,OWID_HIC,2017,14.59988
High-income countries,OWID_HIC,2018,14.64231
High-income countries,OWID_HIC,2019,14.70978
High-income countries,OWID_HIC,2020,14.64867
High-income countries,OWID_HIC,2021,14.41404
High-income countries,OWID_HIC,2022,14.30429
High-income countries,OWID_HIC,2023,14.3594
High-income countries,OWID_HIC,2024,14.29474
Honduras,HND,2021,31.945038
Honduras,HND,2022,35.196693
Hong Kong,HKG,2013,13.992581
Hong Kong,HKG,2014,13.8493185
Hong Kong,HKG,2015,13.662476
Hong Kong,HKG,2016,13.675023
Hong Kong,HKG,2017,13.768858
Hong Kong,HKG,2018,13.347883
Hong Kong,HKG,2019,13.193675
Hong Kong,HKG,2020,12.868518
Hong Kong,HKG,2021,12.504415
Hong Kong,HKG,2022,12.097714
Hong Kong,HKG,2023,11.76129
Hong Kong,HKG,2024,11.6595955
India,IND,2016,40.02383
India,IND,2017,36.65589
India,IND,2019,30.09519
India,IND,2020,28.487797
India,IND,2021,28.150742
India,IND,2022,29.921417
India,IND,2023,28.66437
India,IND,2024,28.82897
India,IND,2025,25.309896
Indonesia,IDN,2016,17.022102
Indonesia,IDN,2017,19.304516
Indonesia,IDN,2018,18.977247
Indonesia,IDN,2020,22.248175
Indonesia,IDN,2021,20.491001
Indonesia,IDN,2022,21.028675
Indonesia,IDN,2023,20.365513
Indonesia,IDN,2024,20.209074
Indonesia,IDN,2025,19.528812
Iran,IRN,2013,25.65459
Iran,IRN,2014,25.91843
Iran,IRN,2015,26.77414
Iran,IRN,2016,27.32117
Iran,IRN,2017,28.52479
Iran,IRN,2022,25.95386
Iran,IRN,2023,24.39678
Jamaica,JAM,2013,30.501339
Jamaica,JAM,2014,23.083681
Jamaica,JAM,2015,23.232403
Jamaica,JAM,2016,22.647226
Jamaica,JAM,2018,24.338083
Jamaica,JAM,2019,20.063894
Jamaica,JAM,2020,18.49658
Jamaica,JAM,2021,20.835909
Jamaica,JAM,2022,22.353952
Jamaica,JAM,2023,15.556423
Jamaica,JAM,2024,17.93822
Jordan,JOR,2014,16.908709
Jordan,JOR,2016,18.363144
Jordan,JOR,2017,21.039032
Jordan,JOR,2018,18.536993
Jordan,JOR,2019,16.375265
Jordan,JOR,2020,17.218376
Jordan,JOR,2021,18.250906
Jordan,JOR,2022,19.091343
Jordan,JOR,2023,17.535168
Jordan,JOR,2024,17.336405
Kazakhstan,KAZ,2014,16.85665
Kazakhstan,KAZ,2015,16.200401
Kazakhstan,KAZ,2016,18.551098
Kazakhstan,KAZ,2017,20.755554
Kazakhstan,KAZ,2018,19.639132
Kazakhstan,KAZ,2019,17.21457
Kazakhstan,KAZ,2020,16.803192
Kazakhstan,KAZ,2021,16.077482
Kazakhstan,KAZ,2022,14.739896
Kazakhstan,KAZ,2023,13.971498
Kazakhstan,KAZ,2024,13.773328
Kazakhstan,KAZ,2025,13.91342
Kenya,KEN,2019,22.793251
Kenya,KEN,2020,27.807554
Kenya,KEN,2021,27.135704
Kenya,KEN,2022,28.597628
Kenya,KEN,2023,28.573286
Kiribati,KIR,2014,27.213446
Kiribati,KIR,2015,26.80303
Kiribati,KIR,2016,27.313915
Kiribati,KIR,2017,25.56662
Kiribati,KIR,2020,27.09157
Kiribati,KIR,2021,26.248238
Kiribati,KIR,2022,25.09756
Kiribati,KIR,2023,23.958221
Kiribati,KIR,2024,24.145227
Kuwait,KWT,2013,11.393091
Kuwait,KWT,2014,11.411114
Kuwait,KWT,2015,11.452924
Kuwait,KWT,2020,10.859016
Kyrgyzstan,KGZ,1999,51.16861
Kyrgyzstan,KGZ,2000,52.09174
Kyrgyzstan,KGZ,2001,50.41882
Kyrgyzstan,KGZ,2002,48.80054
Laos,LAO,2013,32.442486
Laos,LAO,2014,30.446547
Laos,LAO,2015,27.946438
Laos,LAO,2016,25.753685
Laos,LAO,2017,24.765879
Laos,LAO,2018,24.765993
Latin America and Caribbean (WB),WB_LAC,2020,26.09156
Latin America and Caribbean (WB),WB_LAC,2021,25.90869
Latin America and Caribbean (WB),WB_LAC,2022,25.51508
Latin America and Caribbean (WB),WB_LAC,2023,25.16002
Latin America and the Caribbean (SDG),,2020,26.09111
Latin America and the Caribbean (SDG),,2021,25.90848
Latin America and the Caribbean (SDG),,2022,25.51505
Latin America and the Caribbean (SDG),,2023,25.15997
Lebanon,LBN,2019,13.678504
Lebanon,LBN,2020,13.486307
Lebanon,LBN,2021,17.812279
Lebanon,LBN,2022,22.213419
Lebanon,LBN,2023,24.475414
Lebanon,LBN,2024,31.433369
Lesotho,LSO,2013,45.294716
Lesotho,LSO,2014,43.252747
Lesotho,LSO,2015,41.79808
Lesotho,LSO,2016,40.589108
Lesotho,LSO,2018,33.26048
Lesotho,LSO,2019,32.352596
Lesotho,LSO,2020,32.524567
Lesotho,LSO,2021,31.698332
Lesotho,LSO,2022,31.502893
Lesotho,LSO,2023,31.135117
Liberia,LBR,2015,63.265297
Liberia,LBR,2016,34.133137
Liberia,LBR,2017,31.802523
Liberia,LBR,2020,29.865704
Liberia,LBR,2022,64.66247
Lithuania,LTU,2009,13.61396
Lithuania,LTU,2010,13.54624
Lithuania,LTU,2011,12.97351
Lithuania,LTU,2012,12.97333
Lithuania,LTU,2013,13.17877
Lithuania,LTU,2014,13.43711
Lithuania,LTU,2015,13.60166
Lithuania,LTU,2016,14.04806
Lithuania,LTU,2017,14.56651
Lithuania,LTU,2018,15.02332
Lithuania,LTU,2019,15.39859
Lithuania,LTU,2020,15.19938
Low-income countries,OWID_LIC,2013,46.75477
Low-income countries,OWID_LIC,2014,46.02089
Low-income countries,OWID_LIC,2015,44.82242
Low-income countries,OWID_LIC,2016,44.3139
Low-income countries,OWID_LIC,2017,43.32381
Low-income countries,OWID_LIC,2018,42.37046
Low-income countries,OWID_LIC,2019,43.6557
Low-income countries,OWID_LIC,2020,45.77075
Low-income countries,OWID_LIC,2021,46.5079
Low-income countries,OWID_LIC,2022,48.20832
Low-income countries,OWID_LIC,2023,49.26591
Low-income countries,OWID_LIC,2024,50.32169
Lower-middle-income countries,OWID_LMC,2013,37.60597
Lower-middle-income countries,OWID_LMC,2014,36.36402
Lower-middle-income countries,OWID_LMC,2015,35.89325
Lower-middle-income countries,OWID_LMC,2016,37.66486
Lower-middle-income countries,OWID_LMC,2017,36.32155
Lower-middle-income countries,OWID_LMC,2018,33.91941
Lower-middle-income countries,OWID_LMC,2019,33.86146
Lower-middle-income countries,OWID_LMC,2020,33.3164
Lower-middle-income countries,OWID_LMC,2021,33.54452
Lower-middle-income countries,OWID_LMC,2022,35.15002
Lower-middle-income countries,OWID_LMC,2023,34.37826
Lower-middle-income countries,OWID_LMC,2024,34.41425
Macao,MAC,2013,13.705918
Macao,MAC,2014,13.698023
Macao,MAC,2015,14.083624
Macao,MAC,2016,13.855346
Macao,MAC,2017,13.509739
Macao,MAC,2018,13.498434
Macao,MAC,2019,13.542881
Macao,MAC,2020,13.370473
Macao,MAC,2021,13.417865
Macao,MAC,2022,13.368823
Macao,MAC,2023,13.347672
Macao,MAC,2024,13.242058
Madagascar,MDG,2014,42.006542
Madagascar,MDG,2015,41.444653
Madagascar,MDG,2016,40.71042
Madagascar,MDG,2017,41.752007
Madagascar,MDG,2018,39.81169
Madagascar,MDG,2019,36.7999
Madagascar,MDG,2024,175.18568
Malawi,MWI,2013,101.134056
Malawi,MWI,2015,65.265
Malawi,MWI,2016,69.457565
Malawi,MWI,2017,66.30444
Malawi,MWI,2018,59.85496
Malawi,MWI,2019,110.16496
Malawi,MWI,2020,55.022682
Malawi,MWI,2021,51.026962
Malawi,MWI,2022,50.738823
Malawi,MWI,2023,54.322952
Malaysia,MYS,2013,11.831258
Malaysia,MYS,2014,11.412602
Malaysia,MYS,2015,11.520999
Malaysia,MYS,2016,11.6116495
Malaysia,MYS,2017,11.655596
Malaysia,MYS,2018,11.865771
Malaysia,MYS,2019,12.231609
Malaysia,MYS,2020,12.066545
Malaysia,MYS,2021,11.57626
Malaysia,MYS,2022,11.986723
Malaysia,MYS,2023,12.142475
Malaysia,MYS,2024,11.995587
Maldives,MDV,2013,12.42128
Maldives,MDV,2014,13.96753
Maldives,MDV,2015,12.48874
Maldives,MDV,2018,22.42925
Maldives,MDV,2019,21.85613
Maldives,MDV,2022,9.536425
Maldives,MDV,2024,12.181877
Mali,MLI,2023,210.07596
Marshall Islands,MHL,2019,27.930502
Marshall Islands,MHL,2020,25.381132
Marshall Islands,MHL,2021,18.810495
Marshall Islands,MHL,2022,18.662924
Marshall Islands,MHL,2023,18.81877
Marshall Islands,MHL,2024,19.106762
Mauritania,MRT,2020,49.722168
Mauritania,MRT,2024,39.868614
Mauritius,MUS,2013,19.748367
Mauritius,MUS,2014,18.706697
Mauritius,MUS,2015,18.781853
Mauritius,MUS,2016,17.794441
Mauritius,MUS,2017,17.937693
Mauritius,MUS,2018,16.19841
Mauritius,MUS,2019,15.203051
Mauritius,MUS,2020,13.978316
Mauritius,MUS,2021,14.172675
Mauritius,MUS,2023,15.780319
Mauritius,MUS,2024,13.758138
Mexico,MEX,2021,26.51543
Micronesia (country),FSM,2016,24.85432
Micronesia (country),FSM,2017,22.937086
Micronesia (country),FSM,2018,25.845871
Micronesia (country),FSM,2019,25.217154
Micronesia (country),FSM,2020,23.281818
Micronesia (country),FSM,2021,16.921854
Micronesia (country),FSM,2022,17.506926
Micronesia (country),FSM,2023,17.367107
Micronesia (country),FSM,2024,17.451038
Moldova,MDA,2014,17.916128
Moldova,MDA,2015,17.456654
Moldova,MDA,2016,17.566586
Moldova,MDA,2017,17.84516
Moldova,MDA,2018,18.108412
Moldova,MDA,2019,18.162092
Moldova,MDA,2020,18.136435
Moldova,MDA,2021,18.323149
Moldova,MDA,2022,18.520678
Moldova,MDA,2023,18.627256
Moldova,MDA,2024,18.595566
Monaco,MCO,2020,11.32759
Monaco,MCO,2021,12.075
Monaco,MCO,2022,13.04
Monaco,MCO,2023,14.05556
Monaco,MCO,2024,12.23669
Mongolia,MNG,2013,27.705091
Mongolia,MNG,2014,27.782202
Mongolia,MNG,2015,28.269188
Mongolia,MNG,2016,29.763365
Mongolia,MNG,2017,30.53447
Mongolia,MNG,2018,32.230362
Mongolia,MNG,2019,32.29778
Mongolia,MNG,2020,32.694084
Mongolia,MNG,2021,31.73044
Mongolia,MNG,2022,32.467834
Mongolia,MNG,2023,33.129665
Mongolia,MNG,2024,35.437973
Montserrat,MSR,2018,17.03704
Montserrat,MSR,2019,15.10345
Morocco,MAR,2013,25.98351
Morocco,MAR,2014,25.666588
Morocco,MAR,2015,25.881594
Morocco,MAR,2016,26.591183
Morocco,MAR,2017,28.034168
Morocco,MAR,2018,26.800648
Morocco,MAR,2019,25.79697
Morocco,MAR,2020,27.205502
Morocco,MAR,2021,26.535982
Morocco,MAR,2022,26.672558
Morocco,MAR,2023,25.913803
Morocco,MAR,2024,24.26339
Mozambique,MOZ,2013,62.42933
Mozambique,MOZ,2014,60.571907
Mozambique,MOZ,2015,54.342846
Mozambique,MOZ,2016,53.30627
Mozambique,MOZ,2017,52.170017
Mozambique,MOZ,2018,55.03479
Mozambique,MOZ,2019,56.92469
Mozambique,MOZ,2020,58.800964
Mozambique,MOZ,2022,57.286934
Myanmar,MMR,2016,23.31772
Myanmar,MMR,2017,24.1056
Myanmar,MMR,2018,26.67528
Namibia,NAM,2014,30.188234
Namibia,NAM,2015,30.376734
Namibia,NAM,2016,30.26289
Namibia,NAM,2017,30.531984
Namibia,NAM,2018,27.97235
Namibia,NAM,2019,29.80193
Namibia,NAM,2020,29.007048
Namibia,NAM,2021,29.211876
Namibia,NAM,2022,29.088694
Namibia,NAM,2023,28.92011
Namibia,NAM,2024,29.115667
Nauru,NRU,2014,78.9
Nauru,NRU,2016,40.17778
Nauru,NRU,2019,28.12121
Nauru,NRU,2022,86.18182
Nauru,NRU,2023,39.25
Nauru,NRU,2024,36.058823
Nauru,NRU,2025,29.877193
Nepal,NPL,2014,26.04311
Nepal,NPL,2015,24.61256
Nepal,NPL,2016,23.2184
Nepal,NPL,2017,22.02109
Nepal,NPL,2019,20.39598
Nepal,NPL,2020,18.09827
Nepal,NPL,2021,17.756742
Nepal,NPL,2023,23.311056
Nepal,NPL,2024,23.168575
Nepal,NPL,2025,23.116335
Nicaragua,NIC,2022,32.50039
Nicaragua,NIC,2023,33.24569
Niger,NER,2013,36.314484
Niger,NER,2014,36.058483
Niger,NER,2015,36.945496
Niger,NER,2016,40.481056
Niger,NER,2017,38.3443
Niger,NER,2019,40.21031
Niger,NER,2021,40.50732
Niger,NER,2022,43.080994
Niger,NER,2023,44.297142
Niger,NER,2024,43.117798
Nigeria,NGA,2011,49.2589
Nigeria,NGA,2012,57.6127
Nigeria,NGA,2013,57.61276
Nigeria,NGA,2018,49.098183
Niue,NIU,2015,17.25
Niue,NIU,2016,15.461538
Niue,NIU,2019,16.692308
Niue,NIU,2020,12
Niue,NIU,2021,17.833334
Niue,NIU,2022,13.5
Niue,NIU,2023,10.166667
Niue,NIU,2024,15
North America (WB),WB_NA,1999,15.66087
North America (WB),WB_NA,2000,15.28317
North America (WB),WB_NA,2001,15.2434
North America (WB),WB_NA,2002,15.05537
North America (WB),WB_NA,2003,14.73531
North America (WB),WB_NA,2004,14.41442
North America (WB),WB_NA,2005,14.19246
North America (WB),WB_NA,2006,13.97475
North America (WB),WB_NA,2007,13.88542
North America (WB),WB_NA,2008,13.799
North America (WB),WB_NA,2009,13.93021
North America (WB),WB_NA,2010,14.10485
North America (WB),WB_NA,2011,14.27057
North America (WB),WB_NA,2012,14.28983
North America (WB),WB_NA,2013,14.28166
North America (WB),WB_NA,2014,14.29791
North America (WB),WB_NA,2015,14.167
North America (WB),WB_NA,2016,13.91139
North America (WB),WB_NA,2017,13.82528
North America (WB),WB_NA,2018,13.77759
North America (WB),WB_NA,2019,14.03913
North America (WB),WB_NA,2020,13.86533
North America (WB),WB_NA,2021,13.13577
North America (WB),WB_NA,2022,12.83813
North America (WB),WB_NA,2023,12.97306
North America (WB),WB_NA,2024,12.95297
North Korea,PRK,2018,20.30024
Northern Africa and Western Asia (SDG),,2012,20.42626
Northern Africa and Western Asia (SDG),,2013,20.6386
Northern Africa and Western Asia (SDG),,2014,19.84371
Northern Africa and Western Asia (SDG),,2015,20.13598
Northern Africa and Western Asia (SDG),,2016,20.56331
Northern Africa and Western Asia (SDG),,2017,21.04198
Northern Africa and Western Asia (SDG),,2018,21.35853
Northern Africa and Western Asia (SDG),,2019,21.26656
Northern Africa and Western Asia (SDG),,2020,21.8049
Northern Africa and Western Asia (SDG),,2021,22.89149
Northern Africa and Western Asia (SDG),,2022,25.12694
Northern Africa and Western Asia (SDG),,2023,24.99404
Northern Africa and Western Asia (SDG),,2024,25.05774
Oman,OMN,2017,9.944773
Oman,OMN,2018,9.452558
Oman,OMN,2019,10.141527
Oman,OMN,2020,10.615251
Oman,OMN,2021,12.299302
Oman,OMN,2022,11.652376
Oman,OMN,2023,11.4598875
Oman,OMN,2024,10.314193
Palau,PLW,2021,7.979592
Palau,PLW,2022,16.275
Palau,PLW,2023,17.5125
Palau,PLW,2024,11.780488
Palestine,PSE,2013,53.707138
Palestine,PSE,2014,50.78343
Palestine,PSE,2017,39.347294
Palestine,PSE,2018,34.6968
Palestine,PSE,2019,33.971428
Palestine,PSE,2020,32.410995
Palestine,PSE,2021,32.12621
Palestine,PSE,2022,54.5139
Palestine,PSE,2023,53.237484
Panama,PAN,2013,22.92182
Panama,PAN,2015,24.29346
Panama,PAN,2016,23.793402
Panama,PAN,2017,24.313126
Paraguay,PRY,2012,27.003628
Peru,PER,2023,21.37713
Philippines,PHL,2014,31.142256
Philippines,PHL,2015,30.821424
Philippines,PHL,2016,29.068174
Philippines,PHL,2017,29.138693
Philippines,PHL,2018,27.128883
Philippines,PHL,2019,25.776388
Philippines,PHL,2020,25.328959
Philippines,PHL,2021,23.764132
Philippines,PHL,2022,24.30293
Portugal,PRT,2000,13.23902
Portugal,PRT,2001,12.94736
Portugal,PRT,2002,11.06542
Portugal,PRT,2003,11.11103
Portugal,PRT,2004,11.57131
Portugal,PRT,2005,10.52502
Portugal,PRT,2006,10.60093
Portugal,PRT,2007,11.72552
Portugal,PRT,2008,11.26325
Portugal,PRT,2009,11.24954
Portugal,PRT,2010,10.82935
Portugal,PRT,2011,11.10043
Portugal,PRT,2012,11.73422
Portugal,PRT,2013,12.78162
Portugal,PRT,2014,13.40675
Portugal,PRT,2015,13.30619
Portugal,PRT,2016,12.7774
Portugal,PRT,2017,12.35346
Portugal,PRT,2018,12.09879
Portugal,PRT,2019,11.98412
Portugal,PRT,2020,11.77912
Puerto Rico,PRI,2013,12.89212
Puerto Rico,PRI,2014,13.44119
Puerto Rico,PRI,2015,13.89943
Puerto Rico,PRI,2016,13.53647
Puerto Rico,PRI,2024,8.243997
Qatar,QAT,2013,9.92245
Qatar,QAT,2014,11.139626
Qatar,QAT,2015,11.523127
Qatar,QAT,2016,11.587586
Qatar,QAT,2017,11.74041
Qatar,QAT,2018,12.139141
Qatar,QAT,2019,11.999007
Qatar,QAT,2020,12.328688
Qatar,QAT,2021,12.356427
Qatar,QAT,2022,12.566608
Qatar,QAT,2023,12.256251
Qatar,QAT,2024,12.0746765
Russia,RUS,2020,23.331314
Russia,RUS,2021,23.67831
Russia,RUS,2022,24.068708
Rwanda,RWA,2015,58.343174
Rwanda,RWA,2017,58.90176
Rwanda,RWA,2018,60.23155
Rwanda,RWA,2019,57.960342
Rwanda,RWA,2021,45.44361
Rwanda,RWA,2022,43.57613
Rwanda,RWA,2023,42.04641
Rwanda,RWA,2024,44.08212
Saint Kitts and Nevis,KNA,2013,14.51688
Saint Kitts and Nevis,KNA,2014,13.798
Saint Kitts and Nevis,KNA,2015,15.09945
Saint Kitts and Nevis,KNA,2016,13.94373
Saint Kitts and Nevis,KNA,2021,39.78986
Saint Kitts and Nevis,KNA,2023,35.98592
Saint Lucia,LCA,2021,34.73874
Saint Lucia,LCA,2022,67.78855
Saint Lucia,LCA,2023,14.1172
Saint Lucia,LCA,2024,17.622992
Saint Vincent and the Grenadines,VCT,2014,96.59712
Saint Vincent and the Grenadines,VCT,2015,83.5125
Saint Vincent and the Grenadines,VCT,2016,69
Saint Vincent and the Grenadines,VCT,2018,53.65041
Saint Vincent and the Grenadines,VCT,2021,16.46735
Saint Vincent and the Grenadines,VCT,2022,16.21224
Saint Vincent and the Grenadines,VCT,2023,15.553708
Saint Vincent and the Grenadines,VCT,2024,15.361648
Samoa,WSM,2022,24.217958
Samoa,WSM,2023,22.466623
Samoa,WSM,2024,22.702597
San Marino,SMR,2008,16.55789
San Marino,SMR,2009,15.68
San Marino,SMR,2010,15.77
San Marino,SMR,2011,14.885715
San Marino,SMR,2012,13.929204
San Marino,SMR,2020,10.409091
San Marino,SMR,2021,10.386666
San Marino,SMR,2022,9.39375
San Marino,SMR,2023,9.080746
San Marino,SMR,2024,8.621118
Saudi Arabia,SAU,2013,7.8241367
Saudi Arabia,SAU,2014,8.076664
Saudi Arabia,SAU,2015,9.061266
Saudi Arabia,SAU,2016,10.603984
Saudi Arabia,SAU,2017,12.10236
Saudi Arabia,SAU,2018,13.457698
Saudi Arabia,SAU,2019,13.645673
Saudi Arabia,SAU,2020,13.056323
Saudi Arabia,SAU,2021,13.45949
Saudi Arabia,SAU,2022,14.104524
Saudi Arabia,SAU,2024,14.086523
Senegal,SEN,2011,31.990194
Senegal,SEN,2012,31.681793
Senegal,SEN,2013,31.544556
Senegal,SEN,2014,31.585129
Senegal,SEN,2015,31.305258
Senegal,SEN,2019,33.633755
Senegal,SEN,2020,34.16976
Senegal,SEN,2021,33.72087
Senegal,SEN,2022,31.969091
Senegal,SEN,2024,32.72148
Serbia,SRB,2013,15.15704
Serbia,SRB,2014,15.7097
Serbia,SRB,2015,15.24293
Serbia,SRB,2016,14.5183
Serbia,SRB,2017,14.28392
Serbia,SRB,2018,14.2927
Serbia,SRB,2019,14.08734
Serbia,SRB,2020,13.74527
Serbia,SRB,2021,13.76974
Serbia,SRB,2022,13.65519
Serbia,SRB,2024,15.21659
Seychelles,SYC,2013,19.207964
Seychelles,SYC,2014,18.66949
Seychelles,SYC,2015,16.40585
Seychelles,SYC,2016,14.229068
Seychelles,SYC,2017,15.88225
Seychelles,SYC,2018,15.771721
Seychelles,SYC,2019,16.636524
Seychelles,SYC,2020,17.87406
Seychelles,SYC,2021,18.439453
Seychelles,SYC,2022,17.500917
Seychelles,SYC,2023,15.530745
Seychelles,SYC,2024,14.964119
Sierra Leone,SLE,2013,67.07668
Sierra Leone,SLE,2018,59.774734
Sierra Leone,SLE,2019,58.266457
Sierra Leone,SLE,2021,59.24914
Sierra Leone,SLE,2023,64.14711
Sierra Leone,SLE,2024,61.51053
Singapore,SGP,2007,21.14176
Singapore,SGP,2008,20.18209
Singapore,SGP,2009,18.21792
Singapore,SGP,2016,15.0592985
Singapore,SGP,2017,14.694283
Singapore,SGP,2018,14.333681
Singapore,SGP,2019,14.200483
Singapore,SGP,2020,13.919881
Singapore,SGP,2021,13.839882
Singapore,SGP,2022,14.024653
Singapore,SGP,2023,14.352786
Sint Maarten (Dutch part),SXM,2012,11.754098
Slovakia,SVK,2014,15.88775
Slovakia,SVK,2022,12.48646
Solomon Islands,SLB,2013,30.358501
Solomon Islands,SLB,2014,29.602612
Solomon Islands,SLB,2015,40.495728
Solomon Islands,SLB,2016,30.708393
Solomon Islands,SLB,2017,33.18922
Solomon Islands,SLB,2018,31.9092
Solomon Islands,SLB,2019,29.912874
Somalia,SOM,2023,37.20428
South Asia (WB),WB_SA,2015,34.72444
South Asia (WB),WB_SA,2016,38.13681
South Asia (WB),WB_SA,2017,35.12924
South Asia (WB),WB_SA,2018,30.43162
South Asia (WB),WB_SA,2019,29.66674
South Asia (WB),WB_SA,2020,28.28696
South Asia (WB),WB_SA,2021,28.03668
South Asia (WB),WB_SA,2022,29.55696
South Asia (WB),WB_SA,2023,28.50752
South Asia (WB),WB_SA,2024,28.69674
South Korea,KOR,2000,32.12073
South Korea,KOR,2001,32.024
South Korea,KOR,2002,31.25796
South Korea,KOR,2003,30.09795
South Korea,KOR,2004,29.02175
South Korea,KOR,2005,27.93159
South Korea,KOR,2006,26.62451
South Korea,KOR,2007,25.59446
South Korea,KOR,2008,24.06701
South Korea,KOR,2009,22.38299
South Korea,KOR,2010,20.91797
South Korea,KOR,2011,19.04941
South Korea,KOR,2012,17.87581
South Korea,KOR,2013,16.85167
South Korea,KOR,2014,16.50455
South Korea,KOR,2015,16.55424
South Korea,KOR,2016,16.30703
South Korea,KOR,2017,16.28669
South Korea,KOR,2018,16.39778
South Korea,KOR,2019,16.52979
South Korea,KOR,2020,16.23953
South Korea,KOR,2021,16.05174
South Korea,KOR,2022,15.77906
South Korea,KOR,2023,15.22138
South Korea,KOR,2024,14.47629
South Sudan,SSD,2015,55.44031
South Sudan,SSD,2024,117.81553
Spain,ESP,2001,14.30441
Spain,ESP,2002,14.00892
Spain,ESP,2003,13.87611
Spain,ESP,2004,13.93149
Spain,ESP,2005,13.75078
Spain,ESP,2006,13.58265
Spain,ESP,2007,12.8265
Spain,ESP,2008,12.42388
Spain,ESP,2009,12.62216
Spain,ESP,2010,12.40145
Spain,ESP,2011,12.39876
Spain,ESP,2012,12.60121
Spain,ESP,2013,13.31975
Spain,ESP,2014,13.09629
Spain,ESP,2015,13.18623
Spain,ESP,2016,12.99102
Spain,ESP,2017,13.13172
Spain,ESP,2018,13.03806
Spain,ESP,2019,12.88942
Spain,ESP,2020,12.80203
Spain,ESP,2021,11.80208
Spain,ESP,2022,11.75327
Spain,ESP,2023,11.76557
Sri Lanka,LKA,2015,27.18882
Sri Lanka,LKA,2016,27.067686
Sri Lanka,LKA,2017,26.767439
Sri Lanka,LKA,2018,26.471678
Sri Lanka,LKA,2019,26.001642
Sri Lanka,LKA,2020,25.964792
Sri Lanka,LKA,2021,23.644632
Sri Lanka,LKA,2022,23.057995
Sri Lanka,LKA,2023,21.931938
Sub-Saharan Africa (SDG),,2012,51.54881
Sub-Saharan Africa (SDG),,2013,51.25264
Sub-Saharan Africa (SDG),,2014,49.06004
Sub-Saharan Africa (SDG),,2015,46.79009
Sub-Saharan Africa (SDG),,2016,46.11094
Sub-Saharan Africa (SDG),,2017,45.70167
Sub-Saharan Africa (SDG),,2018,45.12595
Sub-Saharan Africa (SDG),,2019,46.5253
Sub-Saharan Africa (SDG),,2020,48.19607
Sub-Saharan Africa (SDG),,2021,49.38617
Sub-Saharan Africa (SDG),,2022,51.2229
Sub-Saharan Africa (SDG),,2023,52.57538
Sub-Saharan Africa (SDG),,2024,52.80498
Sub-Saharan Africa (WB),WB_SSA,2012,50.30713
Sub-Saharan Africa (WB),WB_SSA,2013,50.02641
Sub-Saharan Africa (WB),WB_SSA,2014,47.98978
Sub-Saharan Africa (WB),WB_SSA,2015,45.86003
Sub-Saharan Africa (WB),WB_SSA,2016,45.20614
Sub-Saharan Africa (WB),WB_SSA,2017,44.82733
Sub-Saharan Africa (WB),WB_SSA,2018,44.2802
Sub-Saharan Africa (WB),WB_SSA,2019,45.59526
Sub-Saharan Africa (WB),WB_SSA,2020,47.20178
Sub-Saharan Africa (WB),WB_SSA,2021,48.34368
Sub-Saharan Africa (WB),WB_SSA,2022,50.08519
Sub-Saharan Africa (WB),WB_SSA,2023,51.39258
Sub-Saharan Africa (WB),WB_SSA,2024,51.60818
Sudan,SDN,2019,27.07272
Suriname,SUR,2010,15.297327
Suriname,SUR,2011,14.490175
Suriname,SUR,2012,14.067317
Suriname,SUR,2013,13.676988
Suriname,SUR,2014,13.714571
Suriname,SUR,2015,13.337618
Suriname,SUR,2016,13.270397
Suriname,SUR,2017,12.876477
Suriname,SUR,2018,13.301635
Suriname,SUR,2019,12.93436
Suriname,SUR,2020,12.34983
Suriname,SUR,2021,12.5233555
Suriname,SUR,2023,30.46132
Syria,SYR,2022,23.78288
Syria,SYR,2023,21.11631
Syria,SYR,2024,20.40006
Tajikistan,TJK,2014,23.77273
Tajikistan,TJK,2015,23.49089
Tajikistan,TJK,2016,23.09537
Tajikistan,TJK,2017,23.00994
Tanzania,TZA,2012,45.317368
Tanzania,TZA,2013,43.88809
Tanzania,TZA,2014,44.204796
Tanzania,TZA,2016,41.784916
Tanzania,TZA,2017,48.393772
Tanzania,TZA,2018,51.597267
Tanzania,TZA,2019,55.182583
Tanzania,TZA,2020,56.96386
Tanzania,TZA,2021,57.457546
Tanzania,TZA,2022,53.069946
Tanzania,TZA,2023,56.131943
Tanzania,TZA,2024,50.751095
Thailand,THA,2014,15.3927
Thailand,THA,2015,16.88246
Thailand,THA,2016,16.65791
Thailand,THA,2017,16.428429
Thailand,THA,2019,12.5676155
Thailand,THA,2020,11.487134
Thailand,THA,2021,14.372591
Thailand,THA,2022,13.957578
Thailand,THA,2023,14.370591
Thailand,THA,2024,14.608283
Thailand,THA,2025,14.558425
Togo,TGO,2015,135.75356
Togo,TGO,2019,96.39669
Togo,TGO,2020,90.67634
Togo,TGO,2021,83.93776
Togo,TGO,2022,85.09158
Togo,TGO,2023,84.456665
Togo,TGO,2024,84.44659
Tokelau,TKL,2019,9.277778
Tokelau,TKL,2020,9.611111
Tokelau,TKL,2021,10.388889
Tokelau,TKL,2023,8.611111
Tokelau,TKL,2024,10.357142
Tokelau,TKL,2025,10
Tonga,TON,2013,25.863567
Tonga,TON,2014,23.224184
Tonga,TON,2015,23.391184
Tonga,TON,2018,24.3244
Tonga,TON,2019,22.224543
Tonga,TON,2020,21.894737
Tonga,TON,2021,20.757576
Tonga,TON,2022,20.916561
Tonga,TON,2023,20.24372
Tonga,TON,2024,19.852793
Trinidad and Tobago,TTO,2020,18.12666
Trinidad and Tobago,TTO,2021,16.48346
Trinidad and Tobago,TTO,2022,17.66626
Trinidad and Tobago,TTO,2023,15.69449
Trinidad and Tobago,TTO,2024,16.441797
Tunisia,TUN,2013,17.43043
Tunisia,TUN,2014,16.5447
Tunisia,TUN,2015,16.34558
Tunisia,TUN,2017,16.57185
Tunisia,TUN,2018,16.87168
Tunisia,TUN,2020,16.80272
Tunisia,TUN,2022,16.15212
Tunisia,TUN,2023,15.81076
Turkmenistan,TKM,2019,25.677866
Turkmenistan,TKM,2020,25.939766
Turkmenistan,TKM,2021,26.085482
Turkmenistan,TKM,2022,26.176018
Turkmenistan,TKM,2023,25.878275
Turkmenistan,TKM,2024,25.270197
Turks and Caicos Islands,TCA,2018,32.2807
Turks and Caicos Islands,TCA,2020,25.91852
Turks and Caicos Islands,TCA,2021,20.96594
Turks and Caicos Islands,TCA,2022,20.12426
Turks and Caicos Islands,TCA,2023,18.675531
Turks and Caicos Islands,TCA,2024,18.273632
Tuvalu,TUV,2015,20.38356
Tuvalu,TUV,2018,15.57647
Tuvalu,TUV,2019,12.48113
Tuvalu,TUV,2021,10.58394
Tuvalu,TUV,2022,26.20755
Tuvalu,TUV,2023,20.257143
Tuvalu,TUV,2024,19.880596
Ukraine,UKR,2013,19.557838
Ukraine,UKR,2014,19.932692
Ukraine,UKR,2024,135.99893
United Arab Emirates,ARE,2018,18.236628
United Arab Emirates,ARE,2019,18.599283
United Arab Emirates,ARE,2020,16.702263
United Arab Emirates,ARE,2021,16.411356
United Arab Emirates,ARE,2022,16.0777
United Arab Emirates,ARE,2023,14.833226
United Arab Emirates,ARE,2024,14.759708
United States,USA,2014,14.53749
United States,USA,2015,14.45723
United States,USA,2016,14.23905
United States,USA,2017,14.19857
United States,USA,2018,14.23778
United States,USA,2019,14.60817
United States,USA,2020,14.43729
United States,USA,2021,13.56892
United States,USA,2022,13.25541
United States,USA,2023,13.38951
Upper-middle-income countries,OWID_UMC,2014,19.16742
Upper-middle-income countries,OWID_UMC,2015,19.16545
Upper-middle-income countries,OWID_UMC,2016,19.24615
Upper-middle-income countries,OWID_UMC,2017,19.5963
Upper-middle-income countries,OWID_UMC,2018,19.40287
Upper-middle-income countries,OWID_UMC,2019,19.29517
Upper-middle-income countries,OWID_UMC,2020,19.25569
Upper-middle-income countries,OWID_UMC,2021,19.27329
Upper-middle-income countries,OWID_UMC,2022,19.19059
Upper-middle-income countries,OWID_UMC,2023,19.22841
Upper-middle-income countries,OWID_UMC,2024,19.46478
Uruguay,URY,2013,11.849504
Uruguay,URY,2014,11.355773
Uruguay,URY,2015,11.644137
Uruguay,URY,2016,11.131288
Uruguay,URY,2017,11.0193
Uruguay,URY,2018,10.674735
Uruguay,URY,2019,11.676219
Uruguay,URY,2020,11.210687
Uruguay,URY,2021,14.315577
Uruguay,URY,2022,14.925953
Uruguay,URY,2023,15.2275715
Uzbekistan,UZB,2012,15.42782
Uzbekistan,UZB,2014,18.51993
Uzbekistan,UZB,2015,19.63863
Uzbekistan,UZB,2016,20.93884
Uzbekistan,UZB,2017,21.150143
Uzbekistan,UZB,2018,21.506638
Uzbekistan,UZB,2019,21.087475
Uzbekistan,UZB,2020,20.56345
Uzbekistan,UZB,2021,20.426514
Uzbekistan,UZB,2022,20.622824
Uzbekistan,UZB,2023,20.98132
Uzbekistan,UZB,2024,20.947369
Uzbekistan,UZB,2025,26.12163
Vanuatu,VUT,2013,32.55785
Vanuatu,VUT,2015,36.98148
Vanuatu,VUT,2019,44.424637
Vanuatu,VUT,2021,27.43846
Vanuatu,VUT,2022,26.203997
Vanuatu,VUT,2023,25.266697
Vanuatu,VUT,2024,37.74276
Venezuela,VEN,2023,106.78366
Venezuela,VEN,2024,85.8471
Vietnam,VNM,2021,27.401417
Vietnam,VNM,2022,32.233585
Vietnam,VNM,2023,29.281677
Vietnam,VNM,2024,26.136032
World,OWID_WRL,2014,25.58099
World,OWID_WRL,2015,25.41951
World,OWID_WRL,2016,25.88539
World,OWID_WRL,2017,25.77753
World,OWID_WRL,2018,24.96409
World,OWID_WRL,2019,25.01298
World,OWID_WRL,2020,25.04062
World,OWID_WRL,2021,25.09893
World,OWID_WRL,2022,25.55271
World,OWID_WRL,2023,25.52085
World,OWID_WRL,2024,25.74572
Yemen,YEM,2016,45.26776
Zambia,ZMB,2014,44.333687
Zambia,ZMB,2015,42.741814
Zambia,ZMB,2016,44.068073
Zambia,ZMB,2017,44.536594
Zimbabwe,ZWE,2013,49.00248
Zimbabwe,ZWE,2014,36.32636
Zimbabwe,ZWE,2015,36.85333
Zimbabwe,ZWE,2016,36.952858
Zimbabwe,ZWE,2017,37.77838
Zimbabwe,ZWE,2018,37.871216
Zimbabwe,ZWE,2019,37.41038
Zimbabwe,ZWE,2020,38.3045
Zimbabwe,ZWE,2021,36.742268
Zimbabwe,ZWE,2022,35.520493
Zimbabwe,ZWE,2023,34.651432
Zimbabwe,ZWE,2024,32.855293